https://www.youtube.com/playlist?list=PL71Q8EQ8W10J-_xtDMENHxtZg8QX8MNzo,ECUACIONES POLINÃ“MICAS
https://www.youtube.com/playlist?list=PL71Q8EQ8W10JZSzgMsG3FThrZ6DHYMMCa,INTEGRALES RACIONALES
https://www.youtube.com/playlist?list=PL71Q8EQ8W10IlQG2FRZ4PJ5PznAiDRC7W,CÃLCULO DE DERIVADAS
https://www.youtube.com/playlist?list=PL71Q8EQ8W10JNRz7_yhqGhqXczDlOhS1Q,OPERACIONES con FRACCIONES ALGEBRAICAS
https://www.youtube.com/playlist?list=PL71Q8EQ8W10IRcscxTBB02mDOV7xmbDDR,OPERACIONES CON RAÃCES
https://www.youtube.com/playlist?list=PL71Q8EQ8W10KxirHNA4ce9nZbc-TBQ5oy,LÃMITES INDETERMINADOS
https://www.youtube.com/playlist?list=PL71Q8EQ8W10LkTGmo5C7OKFwZjiBOPsbC,INTEGRALES INMEDIATAS
https://www.youtube.com/playlist?list=PL71Q8EQ8W10Iyczcfy_OgRLc_PbmeYbxj,CÃ¡lculo de ÃREAS
https://www.youtube.com/playlist?list=PL71Q8EQ8W10LK20XCGTeVxK3wNRHvZ-qZ,POLINOMIOS | Todo lo que Necesitas Saber
https://www.youtube.com/playlist?list=PL71Q8EQ8W10KGTHSjbJCX2Z9yQSslsLWo,LÃMITES INDETERMINADOS
https://www.youtube.com/playlist?list=PL71Q8EQ8W10JVSTvccuG0htMz5WigDvlZ,SISTEMAS DE ECUACIONES COMPLEJAS ğŸ˜µğŸ¤¯
https://www.youtube.com/playlist?list=PL71Q8EQ8W10LScpcZ-l6W7bCuAgNkpqiJ,â¤ ECUACIONES CON RAÃCES EN EL DENOMINADOR ğŸ¤¯
https://www.youtube.com/playlist?list=PL71Q8EQ8W10JG-zBavgA_CU04k7MgF0Lh,BLOQUE De GEOMETRÃA EN EL ESPACIO ğŸ“š | [ExÃ¡menes de Selectividad EvAU]
https://www.youtube.com/playlist?list=PL71Q8EQ8W10KWNLpDHlVi-dT_aFUh954-,BLOQUE De MATRICES Y DETERMINANTES ğŸ“š | [ExÃ¡menes de Selectividad EvAU]
https://www.youtube.com/playlist?list=PL71Q8EQ8W10Juq-XvmmJiFYlz3XCiHrE0,BLOQUE DE Sistemas de Ecuaciones Lineales ğŸ“š | [ExÃ¡menes de Selectividad EvAU]
https://www.youtube.com/playlist?list=PL71Q8EQ8W10JYR08QhwywFtbUxwXlP5i7,BLOQUE DE INTEGRALES ğŸ“š | [ExÃ¡menes de Selectividad EvAU]
https://www.youtube.com/playlist?list=PL71Q8EQ8W10LqTKeRgwn_ibSwu3k8f7gJ,BLOQUE DE FUNCIONES ğŸ“š | [ExÃ¡menes de Selectividad EvAU]
https://www.youtube.com/playlist?list=PL71Q8EQ8W10LAPgohxjvVO9PltGzEy5sD,SISTEMAS DE ECUACIONES | Aprende a Resolverlos
https://www.youtube.com/playlist?list=PL71Q8EQ8W10LyWe79PKY--o0NduTZQrX1,Â¿QuÃ© NÃºmero es Mayor? | DesafÃ­os MatemÃ¡ticos ğŸ§®ğŸ”
https://www.youtube.com/playlist?list=PL71Q8EQ8W10JOagUNPcfP-Ji_W2S4VVXo,Ecuaciones ğŸ’¯ | [Aprende a Resolverlas FÃ¡cilmente] ğŸ’¡ğŸ‰
https://www.youtube.com/playlist?list=PL71Q8EQ8W10IBm7d37DU1hfuIwQuraGyl,ECUACIONES CON RAÃCES ğŸ’¯ | Ejemplos RESUELTOS
https://www.youtube.com/playlist?list=PL71Q8EQ8W10I82jVl99v9a_R8t6dIoJsg,Ecuaciones EXPONENCIALES ğŸ’¯ | [Ejercicios RESUELTOS]
https://www.youtube.com/playlist?list=PL71Q8EQ8W10LFfYJJHBxUN-tpZNWA-Fxx,ECUACIONES TRIGONOMÃ‰TRICAS RESUELTAS ğŸ“
https://www.youtube.com/playlist?list=PL71Q8EQ8W10IjQWM1K0M84j2mTMQVLJIp,Matrices y Determinantes ğŸ’¯
https://www.youtube.com/playlist?list=PL71Q8EQ8W10Lacn3c1bWWqQTlZa5JJBkJ,GeometrÃ­a en el Espacio âœ… | 2 bachillerato [Selectividad]
https://www.youtube.com/playlist?list=PL71Q8EQ8W10Ky7LDu6kJmo7WMVNl7V789,CURSO SOBRE INTEGRALES âœ… | Aprende a Integrar desde CERO
