https://www.youtube.com/watch?v=vna4-Wn0XGA,CÃLCULO de DERIVADAS [Ejercicio 2] | Derivada de un Cociente de Funciones
https://www.youtube.com/watch?v=A0yqo9mxEgE,ECUAIÃ“N POLINÃ“MICA [Ejercicio 1] | Desarrolla y Resuelve la EcuaciÃ³n
https://www.youtube.com/watch?v=cTS3A5l1w_M,INTEGRAL RACIONAL  [Ejercicio 1] | CÃ¡lculo Integral
https://www.youtube.com/watch?v=H8OE-AWS79U,CÃLCULO de DERIVADAS [Ejercicio 1] | Derivada de un Producto de Funciones
https://www.youtube.com/watch?v=9tAkNHmuXN4,OPERA y SIMPLIFICA al MÃ¡ximo  | OPERACIONES CON FRACCIONES ALGEBRAICAS | Ejercicio 1
https://www.youtube.com/watch?v=ccAEoNpKmLQ,RACIONALIZA y SIMPLIFICA al MÃ¡ximo | Operaciones con RAÃCES | Ejercicio 2
https://www.youtube.com/watch?v=ui67XcRWguA,LÃMITE INDETERMINADO [Ejercicio 1] | Resta de Fracciones Algebraicas | CÃ¡lculo de LÃ­mites
https://www.youtube.com/watch?v=2EcJ2BqZc_Q,INTEGRAL INMEDIATA  [Ejercicio 2] | CÃ¡lculo Integral
https://www.youtube.com/watch?v=lxKa1q1fpyc,INTEGRAL INMEDIATA  [Ejercicio 1] | CÃ¡lculo Integral
https://www.youtube.com/watch?v=As1jHNrOwVo,ECUACIÃ“N EXPONENCIAL con RAÃCES | Â¿Puedes Resolverla? | MatemÃ¡ticas BÃ¡sicas
https://www.youtube.com/watch?v=W4ecF7WXenQ,INDETERMINACIÃ“N âˆ - âˆ | Â¿CuÃ¡nto Debe Valer a? | MatemÃ¡ticos BÃ¡sicas
https://www.youtube.com/watch?v=IWdegU2j8rg,Â¿Tiene SOLUCIÃ“N estÃ¡ ECUACIÃ“N EXPONENCIAL? | Â¿CÃ³mo se Halla? | MatemÃ¡ticas BÃ¡sicas
https://www.youtube.com/watch?v=PM7kTghfEVA,Halla las 6 SOLUCIONES de esta ECUACIÃ“N | EcuaciÃ³n de Grado Superior | MatemÃ¡ticas BÃ¡sicas
https://www.youtube.com/watch?v=a8FA3XxRGAM,Hallar la LONGITUD de TODOS los LADOS del TRIÃNGULO | TRIGONOMETRÃA | MatemÃ¡ticas BÃ¡sicas
https://www.youtube.com/watch?v=N2897efzWNQ,RACIONALIZA y SIMPLIFICA al MÃ¡ximo | Operaciones con RAÃCES | Ejercicio 1
https://www.youtube.com/watch?v=dYvHFvx_O80,ECUACIÃ“N con LOGARÃTMOS de DISTINTAS BASES | Â¿CÃ³mo se PodrÃ¡ Resolver? | MatemÃ¡ticas BÃ¡sicas
https://www.youtube.com/watch?v=d1v4v6PRUpo,ECUACIÃ“N EXPONENCIAL | Â¿Puedes Resolverla? | MatemÃ¡ticas BÃ¡sicas
https://www.youtube.com/watch?v=MQyAZcI-V_E,INTEGRAL de la ARCOTANGENTE | Â¿CÃ³mo Se Resuelve? | Integral de Examen
https://www.youtube.com/watch?v=aCJGTopSDYs,LÃMITE INDETERMINADO Sin Usar L'HOPITAL | Â¿CÃ³mo Se Resuelve? | MatemÃ¡ticas BÃ¡sicas
https://www.youtube.com/watch?v=w1458CjgxqU,ECUACIÃ“N CON 3 RAÃCES | Â¿PodrÃ­as Resolverla? | MatemÃ¡ticas BÃ¡sicas
https://www.youtube.com/watch?v=qnzCRmAQSPw,Â¿Por QuÃ© la TANGENTE tiene 2 DERIVADAS? | Â¿CÃ³mo Se Hallan? | MatemÃ¡ticas bÃ¡sicas
https://www.youtube.com/watch?v=kVNgk2v--D0,ECUACIÃ“N con RAÃCES de DISTINTOS INDICES | Â¿CÃ³mo Se Resuelve? | MatemÃ¡ticas BÃ¡sicas
https://www.youtube.com/watch?v=dlTh8gEp7Z4,ECUACIÃ“N con VALOR ABSOLUTO | Â¿CÃ³mo Se Resuelve? | MatemÃ¡ticas BÃ¡sicas
https://www.youtube.com/watch?v=thWGICmVJgw,INTEGRAL con CAMBIO de VARIABLE TRIGONOMÃ‰TRICO | Â¿CÃ³mo Se Resuelve? | MatemÃ¡tica Pre-Universitaria
https://www.youtube.com/watch?v=EmWLNiRo5SY,Halla TODAS las Soluciones de la ECUACIÃ“N | EcuaciÃ³n de Grado Superior | MatemÃ¡ticas BÃ¡sicas
https://www.youtube.com/watch?v=diSWPnMBR6E,Halla TODAS las SOLUCIONES de esta ECUACIÃ“N | REALES y COMPLEJAS | MatemÃ¡ticas BÃ¡sicas
https://www.youtube.com/watch?v=CrzzgEO5MVs,ComprobaciÃ³n de SOLUCIÃ“N COMPLEJA en una ECUACIÃ“N con RAÃZ CÃšBICA | Â¿CÃ³mo se Hace?
https://www.youtube.com/watch?v=Z5hdu3Ga8Lc,ECUACIÃ“N con RAÃZ CÃšBICA | Â¿CÃ³mo se Resuelve? | MatemÃ¡ticas BÃ¡sicas
https://www.youtube.com/watch?v=xRtFwoGgIT0,ECUACIÃ“N con 27 SOLUCIONES | Â¿Puedes Calcularlas TODAS? | Aprende MatemÃ¡ticas Online
https://www.youtube.com/watch?v=85zd_w6D9uE,SISTEMA de ECUACIONES NO LINEALES | Â¿CÃ³mo Se Resuelve? | MatemÃ¡ticas BÃ¡sicas
https://www.youtube.com/watch?v=tAUL1pvvg18,ECUACIONES CON RAÃCES en el DENOMINADOR | Â¿CÃ³mo Se Resuelve? ğŸ¤” | Aprende MatemÃ¡ticas Online
https://www.youtube.com/watch?v=S8OeypYsqoI,CÃ³mo Hallar las 7 SOLUCIONES de la ECUACIÃ“N | MatemÃ¡ticas Avanzadas
https://www.youtube.com/watch?v=Z0RSEzANwn0,5 LOGARITMOS Resueltos por DEFINICIÃ“N | Aprende a Resolverlos | MatemÃ¡ticas BÃ¡sicas
https://www.youtube.com/watch?v=grSKxhL32so,ECUACIÃ“N EXPONENCIAL con Cambio de VARIABLE | Â¿Puedes Resolverla? | MatemÃ¡ticas BÃ¡sicas
https://www.youtube.com/watch?v=z_O42O2ULCI,Â¿Es CIERTA esta IGUALDAD? | Â¿Tiene SOLUCIÃ“N la ECUACIÃ“N? | MatemÃ¡ticas Aplicadas
https://www.youtube.com/watch?v=6f9iAk_Fx70,ECUACIÃ“N TRIGONOMÃ‰TRICA | Â¿Puedes Hallar las INFINITAS Soluciones? | MatemÃ¡ticas BÃ¡sicas
https://www.youtube.com/watch?v=wFXfp5yVnFo,RETO MATEMÃTICO | Â¿Puedes Hallar el ÃREA Pintada de Rojo?
https://www.youtube.com/watch?v=OIkzW3CxNE0,Â¿Puedes Hallar TODAS las SOLUCIONES de esta ECUACIÃ“N? | MatemÃ¡ticas Avanzadas
https://www.youtube.com/watch?v=vItBdoZtO-I,DIVISIÃ“N de POLINOMIOS | MÃ©todo de RUFFINI | Operaciones BÃ¡sicas con Polinomios
https://www.youtube.com/watch?v=sCycPwK0Sdg,Soluciones REALES y COMPLEJAS | Â¿Puedes Hallarlas TODAS? | EcuaciÃ³n PolinÃ³mica de Grado Superior
https://www.youtube.com/watch?v=vYOVVPQmGc8,SISTEMA de ECUACIONES | 3 Ecuaciones con 3 IncÃ³gnitas | MatemÃ¡ticas BÃ¡sicas
https://www.youtube.com/watch?v=ZqQL3Lrf7zY,DIVISIÃ“N de POLINOMIOS | MÃ©todo Tradicional | Operaciones BÃ¡sicas con Polinomios
https://www.youtube.com/watch?v=WQHh6JkqkW4,MULTIPLICACIÃ“N de POLINOMIOS | Operaciones BÃ¡sicas con Polinomios
https://www.youtube.com/watch?v=Szb6MbSyIPk,SUMA y RESTA de POLINOMIOS | Operaciones BÃ¡sicas con Polinomios
https://www.youtube.com/watch?v=45R-f3nvzc4,Â¿QuÃ© es un POLINOMIO? | GRADO de un POLINOMIO | MatemÃ¡ticas BÃ¡sicas
https://www.youtube.com/watch?v=-kvEss_E4xw,Â¿Puedes SIMPLIFICAR esta ExpresiÃ³n? | PROPIEDADES DE LAS RAÃCES | MatemÃ¡ticas BÃ¡sicas
https://www.youtube.com/watch?v=5j3ufOi1ufs,IGUALDAD TRIGONOMÃ‰TRICA | Â¿CÃ³mo Se Resuelve? | TrigonometrÃ­a BÃ¡sica
https://www.youtube.com/watch?v=xrOXrAexBV8,ECUACIÃ“N IRRACIONAL | Â¿CÃ³mo Se Despeja la IncÃ³gnita X? | MatemÃ¡ticas BÃ¡sicas
https://www.youtube.com/watch?v=hNTRbQO4ngA,INTEGRAL DEFINIDA | Â¿CÃ³mo Se Resuelven? | MatemÃ¡ticas de Bachillerato
https://www.youtube.com/watch?v=sBi2NUFsYyI,ECUACIÃ“N EXPONENCIAL Por Cambio de Variable | Â¿CÃ³mo Se Resuelve? |  MatemÃ¡ticas BÃ¡sicas
https://www.youtube.com/watch?v=5gYidUCpBw0,RETO MATEMÃTICO | EcuaciÃ³n con DENOMINADORES | MatemÃ¡ticas BÃ¡sicas
https://www.youtube.com/watch?v=_fHjw2Eu1ZU,Â¿CuÃ¡l Debe Ser el VALOR de A y B? | Â¿CÃ³mo Se Hallan Dichos Valores? | MatemÃ¡ticas BÃ¡sicas
https://www.youtube.com/watch?v=8G103uf7qQE,ECUACIÃ“N con RAÃCES CUADRADAS | Â¿Puedes Resolverla? | MÃ¡tematicas Avanzadas
https://www.youtube.com/watch?v=rTqQjVUHuMI,Sistema de Ecuaciones NO LINEALES |  MÃ‰TODO DE SUSTITUCIÃ“N | MatemÃ¡ticas de Bachillerato
https://www.youtube.com/watch?v=anKeog7sx68,ECUACIÃ“N EXPONENCIAL CON DIFERENTES BASES | Â¿CuÃ¡l es su SoluciÃ³n? | Ãlgebra BÃ¡sica
https://www.youtube.com/watch?v=lclWvoxoSes,MÃ‰TODO DE GAUSS | Sistema de Ecuaciones con 3 INCÃ“GNITAS |  MatemÃ¡ticas de Bachillerato
https://www.youtube.com/watch?v=sGwpn0Mxo58,Tg^4(x) + Cotg^4(x) | Â¿Puedes Resolverlo? | RETO MATEMÃTICO
https://www.youtube.com/watch?v=w589pLeClmw,Sistema de ECUACIONES | LOGARÃTMICA Y EXPONENCIAL | MatemÃ¡ticas de Bachillerato
https://www.youtube.com/watch?v=3t74pl5xFtA,ECUACIÃ“N IRRACIONAL | Â¿Puedes Hallar Su SOLUCIÃ“N? | MatemÃ¡ticas BÃ¡sicas
https://www.youtube.com/watch?v=k2yC9gL_xcY,Find ALL SOLUTIONS | REAL and IMAGINARY | Advanced Mathematics
https://www.youtube.com/watch?v=Y29XLrmc5zw,MATRIX EQUATION | Can you solve it? | CCSS MATHEMATICS Selectivity Exercise
https://www.youtube.com/watch?v=Dri4k9SUkgg,SUM OF SQUARE ROOTS | DON'T MAKE THIS MISTAKE | Basic math
https://www.youtube.com/watch?v=U1DBhLDK-bc,ECUACIÃ“N EXPONENCIAL con POTENCIAS de Distinta Base | Â¿Puedes Resolverla? | MatemÃ¡ticas BÃ¡sicas
https://www.youtube.com/watch?v=4T6YgHztgwQ,DERIVATIVE OF X^n BY DEFINITION | Where does the FORMULA come from? | Basic math
https://www.youtube.com/watch?v=OQ4o2fJiSjw,ECUACIÃ“N EXPONENCIAL INSÃ“LITA | Â¿PodrÃ­as Resolverla? | MatemÃ¡ticas BÃ¡sicas
https://www.youtube.com/watch?v=5m0CnOf6GoI,DESAFIO MATEMÃTICO | Â¿Puedes HALLAR EL ÃREA Pintada en Verde?
https://www.youtube.com/watch?v=w7YJbDIu7pA,LÃMITE DEL NÃšMERO E | INDETERMINACIÃ“N 1 Elevado a INFINITO |  MatemÃ¡ticas de Bachillerato
https://www.youtube.com/watch?v=HU74TF8AisY,INFINITE LIMIT MINUS INFINITY USING THE CONJUGATE | Exercise 6 | High School Mathematics
https://www.youtube.com/watch?v=R5FYHuz9Too,LIMIT AT THE INFINITY of an ALGEBRAIC FRACTION | Exercise 5 | High School Mathematics
https://www.youtube.com/watch?v=sbyf8sbp8a0,LÃMITE POR RACIONALIZACIÃ“N | Ejercicio 4 |  MatemÃ¡ticas de Bachillerato
https://www.youtube.com/watch?v=OdtYjQlS4sY,LIMIT BY FACTORIZATION ğŸ¤¯ | LATERAL LIMITS | Exercise 3 | High School Mathematics
https://www.youtube.com/watch?v=tIdXwHZ9Hr4,LIMIT DUE TO RATIONALIZATION ğŸ˜± | Exercise 2 | High School Mathematics
https://www.youtube.com/watch?v=bLToTwhbXC0,LIMIT BY FACTORIZATION ğŸ¤¯ | Exercise 1 | High School Mathematics
https://www.youtube.com/watch?v=s0asMS6zDd0,IMAGINARY BASE AND EXPONENT â¤ REAL SOLUTION ğŸ¤¯ | It's possible? ğŸ˜µ | STEP by STEP explanation
https://www.youtube.com/watch?v=iC0E0wdy3eA,SYSTEM OF COMPLEX EQUATIONS #2 ğŸ¤¯ | Can it be resolved? ğŸ¤” | Advanced Mathematics
https://www.youtube.com/watch?v=xHLo-J-LONs,NON-LINEAR SYSTEM OF EQUATIONS | IRRATIONAL Equation | High School Mathematics
https://www.youtube.com/watch?v=pyZU4Ynd_Zw,Rational Equation with COMPLEX SOLUTIONS ğŸ˜¨ | Could you solve it? ğŸ¤” | High School Mathematics
https://www.youtube.com/watch?v=k52I65X0tLo,LOGARITHMIC SYSTEM ğŸ” | [With the UNCOGNITES at the BASE ğŸ¤¯] | Basic math
https://www.youtube.com/watch?v=SEbdeYNuhow,ECUACIÃ“N EXPONENCIAL BÃSICA ğŸ¤¯ | Aprende a Resolverla ğŸ¤” | MatemÃ¡ticas Bachiller
https://www.youtube.com/watch?v=xrffg7Tszi0,How is this LOGARITHMIC EQUATION solved? | BASE CHANGE IN LOGARITHMS | Basic math
https://www.youtube.com/watch?v=m4CnKw3beFE,Border with L'Hopital ğŸ“˜ | Find the Value of A and B | EvAU Selectivity Exercise â–¶ Mathematics II
https://www.youtube.com/watch?v=Zbcj_BykM64,EQUATIONS WITH ROOTS in the DENOMINATOR â¤ Exercise 3 | How are they resolved? ğŸ¤¯ | Basic math
https://www.youtube.com/watch?v=CycBLMiVLvc,INTEGRAL BY PARTS ğŸ˜± | SELECTIVITY Exercise | Mathematics 2nd Bachelor
https://www.youtube.com/watch?v=0ISSpAV_tlc,SYSTEM of COMPLEX EQUATIONS ğŸ¤¯ | How is it solved? ğŸ¤” | Advanced Mathematics
https://www.youtube.com/watch?v=KLAsJDHyWmw,Can You Find the AREA OF THE TRIANGLE? | High School Mathematics
https://www.youtube.com/watch?v=UYB-zZ319QI,EXPONENTIAL EQUATION by Change of Variable âœ… | Would you know how to solve it? ğŸ¤” | Basic math
https://www.youtube.com/watch?v=Hz8WQw5xUxg,EQUATIONS WITH ROOTS in the DENOMINATOR â¤ Exercise 2 | How are they resolved? ğŸ¤” | Basic math
https://www.youtube.com/watch?v=alZcG2x953w,INECUATION with ALGEBRAIC FRACTION ğŸ¤¯ | How is it solved? | Basic math
https://www.youtube.com/watch?v=TTZW7WAjatY,EXPONENTIAL-LOGARITHMIC Equation System ğŸ§ â˜€ï¸ | How is it solved? ğŸ¤” | Applied mathematics
https://www.youtube.com/watch?v=xIk-CG6zHEg,DEFINED INTEGRALS ğŸ¤¯ | 2 Examples Results âœ… | Mathematics 2nd Bachelor
https://www.youtube.com/watch?v=khWiRVjPLCE,SYSTEM OF EXPONENTIAL EQUATIONS ğŸ’¯ | Could you solve it? ğŸ¤” | High School Mathematics
https://www.youtube.com/watch?v=djYyVpmHOGU,Logarithmic Equation ğŸ¤¯ | BASIC PROPERTIES OF LOGARITHMS ğŸ’¯ | Learn Mathematics
https://www.youtube.com/watch?v=l8zglw8fDqQ,EQUATIONS WITH ROOTS in the DENOMINATOR â¤ Exercise 1 | How are they resolved? ğŸ¤” | Basic math
https://www.youtube.com/watch?v=vGiiLJVL1Zs,EXPONENTIAL EQUATION with a CUBIC ROOT ğŸ˜± | How is it solved? ğŸ¤” | BASIC MATH
https://www.youtube.com/watch?v=RR92qafj4yM,IRRATIONAL EQUATION âœ… | Can you find their solutions? ğŸ¤” | Basic math
https://www.youtube.com/watch?v=NAKnxghsDzQ,System of NONLINEAR EQUATIONS | REAL AND COMPLEX SOLUTIONS ğŸ¤¯ | Can You Find Them All? ğŸ¤”
https://www.youtube.com/watch?v=LUKEC97ezhU,ğŸ¤¯ EXPONENTIAL EQUATION with Powers of Different Bases ğŸ’¯ | Basic math
https://www.youtube.com/watch?v=ryL_ZSL9SFc,RACIONALIZAR UNA FRACCIÃ“N ğŸ¤¯ | Â¿CÃ³mo Quitar RAÃCES del DENOMINADOR?
https://www.youtube.com/watch?v=TpipPja0R-I,Â¿CÃ³mo Se RESUELVE esta ECUACIÃ“N con DENOMINADORES? | Â¿Influye el Valor de a?
https://www.youtube.com/watch?v=bXJm6ygwLGI,EcuaciÃ³n Exponencial RESUELTA âœ… [PASO a PASO] | MatemÃ¡ticas BÃ¡sicas
https://www.youtube.com/watch?v=Hno_vD3BPRY,Â¿CuÃ¡ntas Soluciones Tiene esta ECUACIÃ“N CON DENOMINADORES? ğŸ¤” | !No te Esperas el ResultadoÂ¡ ğŸ˜±
https://www.youtube.com/watch?v=FN5HrfRfrYM,Â¿CÃ³mo Se Resuelve esta ECUACIÃ“N EXPONENCIAL? ğŸ¤” | Hallamos TODAS sus Soluciones ğŸ¤¯
https://www.youtube.com/watch?v=giu0D04jLE8,Hallar DISTANCIA Entre un PUNTO y una RECTA | SELECTIVIDAD â¤ AndalucÃ­a â¤ Junio 2023 â¤ MatemÃ¡ticas II
https://www.youtube.com/watch?v=ucIvGDrQ9gI,ECUACIÃ“N LOGARÃTMICA con IncÃ³gnita en la BASE âœ… | Â¿CÃ³mo se Calcula el Valor de X? ğŸ¤”
https://www.youtube.com/watch?v=DaX16bzDvKQ,ECUACIÃ“N con FRACCIONES DENTRO de una FRACCIÃ“N ğŸ¤¯ | Â¿CÃ³mo se Resuelve? ğŸ¤”
https://www.youtube.com/watch?v=vbZ_LUHc428,Â¿Puedes Hallar el Ãrea del Triangulo? ğŸ¤” | SELECTIVIDAD â¤ AndalucÃ­a â¤ Junio 2023 â¤ MatemÃ¡ticas II
https://www.youtube.com/watch?v=Sh19vlgkCX8,EcuaciÃ³n Con RAÃZ CÃšBICA ğŸ¤¯ | Â¿SabrÃ­as Resolverla? â¤ ExplicaciÃ³n Paso Por Paso âœ…
https://www.youtube.com/watch?v=QMpQILYbHMI,ECUACIÃ“N MATRICIAL con Letras en la Matriz | SELECTIVIDAD â¤ AndalucÃ­a â¤ Junio 2023 â¤ MatemÃ¡ticas II
https://www.youtube.com/watch?v=hL7t6sG9mdo,APRENDE a Resolver el LOGARITMO Paso a Paso ğŸ’¯âœ… | [Todo Explicado] ğŸ¤¯
https://www.youtube.com/watch?v=7wV_Sn7dMv4,Sistema de Ecuaciones Lineales ğŸ“š | SELECTIVIDAD â¤ AndalucÃ­a â¤ Junio 2023 â¤ MatemÃ¡ticas II
https://www.youtube.com/watch?v=n43eaIGtH9w,Hallar el Valor del LÃ­mite | T.F.CÃ¡lculo ğŸ“š | SELECTIVIDAD â¤ AndalucÃ­a â¤ Junio 2023 â¤ MatemÃ¡ticas II
https://www.youtube.com/watch?v=_qx1WO4wodo,Â¿Se Puede RESOLVER el LOGARITMO Sin CALCULADORA? ğŸ¤” | DesafÃ­o MatemÃ¡tico ğŸ”ğŸ“ˆ
https://www.youtube.com/watch?v=0_jhif8XLiM,Hallar el ÃREA Entre 2 Funciones ğŸ“š | SELECTIVIDAD â¤ AndalucÃ­a â¤ Junio 2023 â¤ MatemÃ¡ticas II
https://www.youtube.com/watch?v=Bh3VleOoo14,EcuaciÃ³n con NÃšMEROS FACTORIALESğŸ¤¯ | Â¿CÃ³mo se Resuelve? ğŸ¤”
https://www.youtube.com/watch?v=f38VW4Yz1gE,INTEGRAL CASI-INMEDIATA con RaÃ­ces Cuadradas ğŸ¤¯ | [Nivel Bachillerato]
https://www.youtube.com/watch?v=tRgqPUCO41c,Rectas Tangente y Normal | EXAMEN SELECTIVIDAD â¤ AndalucÃ­a â¤ Junio 2023 â¤ MatemÃ¡ticas II
https://www.youtube.com/watch?v=ZCjgDEqYOTw,ğŸ¤” Can you Solve this Square Root? | [WITHOUT CALCULATOR ğŸ¤¯]
https://www.youtube.com/watch?v=wbw-qDil-5E,Monotony and extremes of the function | SELECTIVITY EvAU Andalusia â¤ June 2023 â¤ Mathematics II ğŸ“š
https://www.youtube.com/watch?v=wzVib2EC1i4,Examen SELECTIVIDAD Resuelto ğŸ“ | EvAU AndalucÃ­a â¤ Junio 2023 â¤ MatemÃ¡ticas II ğŸ“š
https://www.youtube.com/watch?v=CJ-fFr700ic,Border with L'Hopital ğŸ“˜ | EvAU 2023 Selectivity Exercise â–¶ Mathematics II
https://www.youtube.com/watch?v=df5CMs1eUW0,SOLVE this BEAUTIFUL EQUATION with ROOTS | Find the Value of X
https://www.youtube.com/watch?v=3V7LZ7XslFc,System of TRIGONOMETRIC EQUATIONS! Mathematics Teacher Explains it to you ğŸ“
https://www.youtube.com/watch?v=xYasyKClLF0,Mastering EQUATIONS with RADICALS in the DENOMINATOR! Learn to solve them step by step ğŸ”
https://www.youtube.com/watch?v=YIeIRki7LhA,EQUATION WITH LOGARITHMS | How is it solved? ğŸ¤”
https://www.youtube.com/watch?v=UPi5jH5Uulk,Does this EXPONENTIAL EQUATION have a solution? ğŸ¤”ğŸ¤¯ | Learn to solve it
https://www.youtube.com/watch?v=woesUubI_is,EQUATION WITH ABSOLUTE VALUE | How do you recover? ğŸ¤”
https://www.youtube.com/watch?v=ZJdVTb6I-Ig,Can you Solve this Equation? | Do You Have Real Solutions? ğŸ¤”
https://www.youtube.com/watch?v=RCKzPhIJFXc,Sistema de Ecuaciones EXPONENCIAL y LOGARÃTMICO | Aprende a Resolverlo ğŸ“ŠğŸ”
https://www.youtube.com/watch?v=pmMxrjjr-Lc,TWO-SQUARE EQUATION WITHOUT REAL SOLUTIONS | How is it solved? ğŸ¤”
https://www.youtube.com/watch?v=lCPP6Lb-CUw,WHICH NUMBER IS LARGEST? | Mathematical Challenge ğŸ¤”ğŸ”¢
https://www.youtube.com/watch?v=uo1vb74ZKKU,MATHEMATICAL CHALLENGE | How is this Limit Resolved without using L'HÃ´pital? ğŸ§ ğŸ”¢
https://www.youtube.com/watch?v=sKWw_nI1JLI,COMPLEX QUADRATIC EQUATION | General Formula   âœ¨
https://www.youtube.com/watch?v=d_APYLp52n8,How is an IMPROPER INTEGRAL resolved? ğŸ¤” | Integration Limit +âˆ
https://www.youtube.com/watch?v=VW2uassj2bA,Â¿CÃ³mo se Deriva estÃ¡ FunciÃ³n? | FunciÃ³n Elevada a otra FunciÃ³n
https://www.youtube.com/watch?v=nn7vdOOsWmo,ğŸ† Mathematical Olympic Challenge | What power is greater? | Discover the Trick ğŸš€
https://www.youtube.com/watch?v=MgeGhWW2hCo,Resolviendo una ECUACIÃ“N EXPONENCIAL Desafiante | Â¿Puedes Resolverla? ğŸ¤”âœ¨
https://www.youtube.com/watch?v=XoKEmDV3tKg,SOLVE the EQUATION with ROOTS | STEP by STEP explanation ğŸ”ğŸ“
https://www.youtube.com/watch?v=AxySJsx7rU8,DO YOU KNOW HOW TO SOLVE THIS LOGARITHMIC EQUATION? | Use Properties of Logarithms
https://www.youtube.com/watch?v=AbpG3Zsnh6E,ğŸš€ MASTER Exponential Equations! | Resolution STEP by STEP ğŸ“Š
https://www.youtube.com/watch?v=JGyzzOAEzIw,Simplify This Expression with FRACTIONS!    | Math Challenge
https://www.youtube.com/watch?v=EgctMiYO5tA,NON-LINEAR SYSTEM OF EQUATIONS | Resolution with the Substitution Method ğŸ”ğŸ”„ | Step by Step! â¡ï¸âœï¸
https://www.youtube.com/watch?v=6zjkn60MIu0,MATHEMATICAL CHALLENGE! | Solving an Exponential Equation | SURPRISING Method   ğŸ¤¯
https://www.youtube.com/watch?v=4-BjVEX4nV0,AVOID This SERIOUS ERROR in Logarithmic Equations! | Resolution Step by Step ğŸ“ŠğŸš«
https://www.youtube.com/watch?v=xutojmSLC1c,INTEGRAL of a Quotient of Polynomials ğŸ’¯ | INTEGRATION BY PARTS | How to solve it? âœï¸
https://www.youtube.com/watch?v=4NXlHa5dox8,DECOMPOSITION into PARTIAL FRACTIONS | Linear and Quadratic Factors ğŸ”ğŸ“Š
https://www.youtube.com/watch?v=KXn5zsU74YU,3 Ways to Find the INVERSE MATRIX ğŸ”¥ | Learn to Calculate it ğŸ“š
https://www.youtube.com/watch?v=R7s1bmrzc9s,EXPONENTIAL Equation with ROOTS in the Exponent | How is it solved? ğŸ“ˆğŸ”
https://www.youtube.com/watch?v=Okn3Hn1zYck,ADDITIONS and SUBTRACTIONS of SQUARE ROOTS | How is it done? ğŸ¤” | Basic Mathematics ğŸ“š
https://www.youtube.com/watch?v=SX678PdGFEQ,NON-LINEAR System of EquationsğŸ’¡   | Learn to Solve it ğŸ“š Step by Step ğŸš€
https://www.youtube.com/watch?v=O8M5O70BD6s,ğŸ† MATHEMATICAL OLYMPIC CHALLENGE | TRIGONOMETRIC Equation in EXPONENTIAL Form ğŸ“ğŸ’¡
https://www.youtube.com/watch?v=AP8I9lo89fE,Can you solve it? ğŸ” | TWO-SQUARE Equation ğŸ’¡ | Step by Step
https://www.youtube.com/watch?v=JSM04o0v_bQ,ResoluciÃ³n de INECUACIONES | Descubre INFINITAS Soluciones para X | Paso a Paso ğŸ§®ğŸ”
https://www.youtube.com/watch?v=Zz61iRxknK0,Â¡ResoluciÃ³n de EcuaciÃ³n con RaÃ­ces CÃºbicas y Cuadradas! ğŸŒŸ | [Paso a Paso] ğŸ’¯
https://www.youtube.com/watch?v=GWt8L8kweE0,EcuaciÃ³n Exponencial ğŸ§® | Â¡Resuelta Paso a Paso! ğŸš€ | Reto MatemÃ¡tico ğŸ§ 
https://www.youtube.com/watch?v=lvWXE4EBKfw,DOMINA las RaÃ­ces y las Potencias ğŸ§  | Reto MatemÃ¡tico ğŸ”¢ | Â¿QuÃ© OpciÃ³n es la Correcta?
https://www.youtube.com/watch?v=A-By2tKkA0E,ğŸ† Â¡DesafÃ­o OlÃ­mpico MatemÃ¡tico! | Â¿QuÃ© NÃºmero es Mayor? | Descubre el TRUCO ğŸ§®ğŸ¥‡
https://www.youtube.com/watch?v=0oYUQcSRmi8,Â¡Descubre el ÃREA del TriÃ¡ngulo! ğŸ” | ExplicaciÃ³n Paso a Paso ğŸ“
https://www.youtube.com/watch?v=bwPVhsbT5q8,Â¿Puede esta EcuaciÃ³n Exponencial Desafiar tus Habilidades MatemÃ¡ticas? | ğŸ” Muestro CÃ³mo Se ResuelveğŸ§ 
https://www.youtube.com/watch?v=N3ERK00Q7ds,Â¿PodrÃ­as Resolver Esta EcuaciÃ³n? ğŸ¤” | Encuentra TODAS sus Soluciones ğŸ” | Paso a Paso
https://www.youtube.com/watch?v=XUPemqGCg7o,Â¿Puede cos(x) Ser Igual a 2? ğŸ¤” | Â¡Te Muestro CÃ³mo Hacerlo! ğŸ“ğŸ”
https://www.youtube.com/watch?v=3_34cCnc5PA,Cambio de Variable TRIGONOMÃ‰TRICO ğŸ“ | Â¿CÃ³mo se Hace? ğŸ¤¯ | INTEGRAL Resuelta ğŸ“Š
https://www.youtube.com/watch?v=vOQy60xqfjM,Â¿Existe AlgÃºn Valor de X para esta Serie? ğŸ¤” | Descubre el TRUCO para Encontrar la IncÃ³gnita ğŸ”ğŸ”¢
https://www.youtube.com/watch?v=HeqNBvpU1AI,Â¡RESOLUCIÃ“N DE ECUACIONES! | Diferencias de Potencias ğŸ§ ğŸ” | [Forma SENCILLA de Resolver] ğŸ¯
https://www.youtube.com/watch?v=rn0-fQ28Ebg,Â¿PUEDES RESOLVER ESTA ECUACIÃ“N Con RaÃ­ces ğŸ¤”ğŸ” | Â¡AnÃ¡lisis y ResoluciÃ³n Paso a Paso! ğŸ§ ğŸ’¡
https://www.youtube.com/watch?v=rGAjVL41dG8,Problema TrigonomÃ©trico Resuelto | Calculando la Altura de una Torre con TriÃ¡ngulos RectÃ¡ngulos ğŸ”ï¸ğŸ“
https://www.youtube.com/watch?v=TbSqKpgm1eM,Â¡DesafÃ­o MatemÃ¡tico Resuelto! ğŸ§®ğŸ” EcuaciÃ³n PolinÃ³mica de Grado muy Elevado | [Resuelta Paso a Paso] ğŸ’¡
https://www.youtube.com/watch?v=BpEdTopjaJA,Â¡Dominio de 2 Funciones!ğŸ’¡ | Â¿Iguales o Diferentes? | Â¡Descubre la Diferencia! ğŸ§
https://www.youtube.com/watch?v=P2mg2vtYQAM,ResoluciÃ³n de Sistemas de Ecuaciones ğŸ“š | Dominando un MÃ‰TODO INFALIBLE | Â¡TRIUNFA en tu EXAMEN! ğŸ”ğŸ“Š
https://www.youtube.com/watch?v=5YT9pKagM_0,ResoluciÃ³n de EcuaciÃ³n Exponencial ğŸ§  | Olimpiada MatemÃ¡tica | Â¡Descubre este Truco Genial! ğŸ’¡ğŸ”¥
https://www.youtube.com/watch?v=tKsBMyca1Jo,Resolviendo una EcuaciÃ³n IRRACIONAL | MÃ©todo EFECTIVO y FÃCIL | Â¡DescÃºbrelo AquÃ­! ğŸ§ ğŸ”ğŸ“Š
https://www.youtube.com/watch?v=D2KOPuLijis,Â¡DesafÃ­o OlÃ­mpico MatemÃ¡tico! | Â¿QuÃ© Potencia SerÃ¡ Mayor? | Â¡Descubre el Truco! ğŸ§®ğŸ”¥ğŸ”
https://www.youtube.com/watch?v=OogQhBNiyWI,ResoluciÃ³n de Ecuaciones ğŸ§ ğŸ¯ | DeberÃ­as Usar este TRUCO ğŸ’¡ğŸ”
https://www.youtube.com/watch?v=iaZl1nVtL4g,Â¡DesafÃ­o OlÃ­mpico MatemÃ¡tico! ğŸ¥‡ğŸ† Resolviendo una EcuaciÃ³n TrigonomÃ©trica en Forma Exponencial ğŸ§ ğŸ“Š
https://www.youtube.com/watch?v=3L_me6FZm2c,ğŸ§ Â¿Es Posible Resolver Esta ECUACIÃ“N EXPONENCIAL?ğŸ¤” Â¡Te Mostramos CÃ³mo Hacerlo! ğŸ’ªğŸ˜
https://www.youtube.com/watch?v=ZSk8rOiBLBA,DERIVADAS ğŸ”¥ | 100 Ejercicios Resueltos ğŸ§  [Derivada del Seno y Coseno de x] #3
https://www.youtube.com/watch?v=reQNsY7xXmQ,ChatGPT Comete un GRAVE ERROR ğŸ¤¯ al Resolver una EcuaciÃ³n Con RaÃ­ces ğŸ˜±
https://www.youtube.com/watch?v=E1ua3IIUu8w,ğŸ¤¯ Hasta Algunos Profesores FALLAN en Esto!!! ğŸ¥¶ | [No Cometas el ERROR]
https://www.youtube.com/watch?v=qzRgRMh33_8,âœ… ECUACIÃ“N EXPONENCIAL Resuelta Por Cambio De VARIABLE ğŸ’¯ | [Paso a Paso] ğŸ‘
https://www.youtube.com/watch?v=U1m-KrP0VR8,âœ… ECUACIÃ“N IRRACIONAL Con RAÃCES CUADRADAS ğŸ’¯ | [Paso a Paso] #2
https://www.youtube.com/watch?v=O92ngPp3iFQ,DERIVADAS ğŸ”¥ | 100 Ejercicios Resueltos ğŸ§  [Derivada RaÃ­z Cuadrada de X] #2
https://www.youtube.com/watch?v=KL4xB6LlpKY,âœ… ECUACIÃ“N EXPONENCIAL Resuelta ğŸ’¯ | [Paso a Paso] #3
https://www.youtube.com/watch?v=Mu9MsbrhNHU,âœ… ECUACIÃ“N Con RAÃCES CUADRADAS Resuelta ğŸ’¯ | Paso a Paso #1
https://www.youtube.com/watch?v=LnlJGlLlJDk,âœ… ECUACIÃ“N LOGARÃTMICA Resuelta ğŸ’¯ | [Paso a Paso] #2
https://www.youtube.com/watch?v=sq2HQQVA-mM,DERIVADAS ğŸ”¥ | 100 Ejercicios Resueltos ğŸ’¯ [Parte 1]
https://www.youtube.com/watch?v=iFYMe3oZs1o,âœ… ECUACIÃ“N EXPONENCIAL Resuelta ğŸ’¯ | [Paso a Paso] #2
https://www.youtube.com/watch?v=Kanng998FQU,EcuaciÃ³n TrigonomÃ©trica âœ… [Ejercicio Resuelto] #3
https://www.youtube.com/watch?v=_UQlLTwIas0,ECUACIÃ“N CON RAÃCES ğŸ’¯ | Aprende a Resolverla Paso a Paso ğŸ’ª
https://www.youtube.com/watch?v=vTJx-e5yuew,ResoluciÃ³n de ECUACIONES Con LOGARITMOS âœ”ï¸ Paso A Paso | Aprende y Domina el Proceso ğŸ’¯
https://www.youtube.com/watch?v=oxXHUKKufCQ,ECUACIÃ“N EXPONENCIAL Resuelta ğŸ’¯ | [Paso a Paso] #1
https://www.youtube.com/watch?v=7u4syKhS_ys,Resolviendo Ecuaciones TrigonomÃ©tricas âœ… [Ejemplo Explicado Paso a Paso ğŸ’¯] #2
https://www.youtube.com/watch?v=g0bds_wbnJ0,ECUACIÃ“N TRIGONOMÃ‰TRICA ğŸ“ Resuelta Paso a Paso #1 ğŸ’¯
https://www.youtube.com/watch?v=gHDdEa7Wlfk,INTEGRAL CÃCLICA ğŸ’¯ | FÃ³rmula de la IntegraciÃ³n Por Partes âœ”ï¸
https://www.youtube.com/watch?v=XlJjQO9OuUY,IntegraciÃ³n por Partes âœ… | FÃ“RMULA ğŸ’¯ y EJERCICIO RESUELTO #1
https://www.youtube.com/watch?v=HACL6A7xYzQ,â–· SIMÃ‰TRICO de un PUNTO respecto a un PLANO ğŸ’¯âœ… [Ejercicio RESUELTO]
https://www.youtube.com/watch?v=Kryby1TK4Aw,Como Resolver una ECUACIÃ“N MATRICIAL ğŸ’¯ | (Ejercicio de selectividad resuelto)
https://www.youtube.com/watch?v=KRXIM4oe6d8,ğŸ‘‰ MULTIPLICACIÃ“N con MATRICES ğŸ’¯ [CÃ“MO y CUANDO se Realiza ğŸ¤”]
https://www.youtube.com/watch?v=299gF2XSLjk,Como Calcular el PRODUCTO VECTORIAL de dos VECTORES ğŸ’¯ [FÃ¡cil y Sencillo] âœ”ï¸
https://www.youtube.com/watch?v=4J4RMLVtq5c,Derivada de un PRODUCTO de FUNCIONES ğŸ’¯ | FÃ“RMULA y ejemplos RESUELTOS âœ”ï¸
https://www.youtube.com/watch?v=vHIRadZlEUk,Producto Escalar | ÃNGULO ENTRE DOS VECTORES ğŸ’¯âœ”ï¸
https://www.youtube.com/watch?v=4u1kBSycW4M,CÃ¡lculo de la Matriz INVERSA ğŸ’¯ | MÃ©todo del ADJUNTO ğŸ”
https://www.youtube.com/watch?v=Fs9uG5b3Zpw,Integrales TRIGONOMÃ‰TRICAS (SENO y COSENO) ğŸ’¯ | Â¿Como se resuelven? ğŸ¤”ğŸ¤”
https://www.youtube.com/watch?v=nAdzs03xx3U,Derivadas TRIGONOMÃ‰TRICAS (SENO y COSENO) ğŸ’¯ | Curso Sobre Derivadas âœ”ï¸
https://www.youtube.com/watch?v=UqjuxB2e5pA,INTEGRALES EXPONENCIALES âœ”ï¸ | Â¿CÃ³mo se Resuelven? ğŸ¤”ğŸ¤”
https://www.youtube.com/watch?v=pz-xFS-RpHg,DERIVADA por DefiniciÃ³n del LOGARITMO NEPERIANO ğŸ’¯ | Curso Sobre Derivadas âœ”ï¸
https://www.youtube.com/watch?v=rcEBOAHcaz8,DERIVADA de la RAÃZ de X usando la DEFINICIÃ“N ğŸ” | Curso Sobre Derivadas âœ”ï¸
https://www.youtube.com/watch?v=JGPZ-d05cGk,DERIVADA de funciones EXPONENCIALES ğŸ’¯ | Aprende a DERIVAR desde CERO
https://www.youtube.com/watch?v=DVlyfNor-AY,DERIVADA de un LOGARITMO âœ”ï¸ | Curso sobre Derivadas
https://www.youtube.com/watch?v=7Q_WBEWQpCE,Integrales LOGARÃTMICAS ğŸ’¯ | CURSO SOBRE INTEGRALES
https://www.youtube.com/watch?v=326LI08crA0,DERIVADA De Una POTENCIA de X âœ”ï¸ | CURSO SOBRE DERIVADAS
https://www.youtube.com/watch?v=YMcxDC_srPs,INTEGRAL de un Polinomio âœ”ï¸ | CURSO SOBRE INTEGRALES #4
https://www.youtube.com/watch?v=PpQrMsK_f3U,INTEGRAL de una RaÃ­z ğŸ’¯ | INTEGRALES INMEDIATAS #3
https://www.youtube.com/watch?v=NAEUfh6uUcw,INTEGRALES de Examen RESUELTAS âœ”ï¸ğŸ’¯ (nivel 2Â° Bachillerato) | Parte 2
https://www.youtube.com/watch?v=3mD_CzBTfFg,INTEGRAL de una Potencia de X | INTEGRALES INMEDIATAS #2
https://www.youtube.com/watch?v=tMeQAp8SEtk,INTEGRAL de una Constante | INTEGRALES INMEDIATAS #1
https://www.youtube.com/watch?v=CxSnjDBKfT4,INTEGRALES RESUELTAS 2Â° Bachiller âœ”ï¸ğŸ’¯ | Parte 1
https://www.youtube.com/watch?v=aT8loMqvkSA,Como pasar de GRADOS a RADIANES | Ejemplos RESUELTOS âœ”ï¸ğŸ”
